time;target;target%;;
02.01.2015;52,69;-3,44%;;
05.01.2015;50,04;-5,03%;;
06.01.2015;47,93;-4,22%;;
07.01.2015;48,65;1,50%;;
08.01.2015;48,79;0,29%;;
09.01.2015;48,36;-0,88%;;Petróleo WTI Futuros Dados Históricos - Jan_2015 a Jul_2020
12.01.2015;46,07;-4,74%;;
13.01.2015;45,89;-0,39%;;
14.01.2015;48,48;5,64%;;
15.01.2015;46,25;-4,60%;;
16.01.2015;48,69;5,28%;;
18.01.2015;48,85;0,32%;;
19.01.2015;47,78;-2,18%;;
20.01.2015;46,39;-2,91%;;
21.01.2015;47,78;3,00%;;
22.01.2015;46,31;-3,08%;;
23.01.2015;45,59;-1,55%;;
26.01.2015;45,15;-0,97%;;
27.01.2015;46,23;2,39%;;
28.01.2015;44,45;-3,85%;;
29.01.2015;44,53;0,18%;;
30.01.2015;48,24;8,33%;;
02.02.2015;49,57;2,76%;;
03.02.2015;53,05;7,02%;;
04.02.2015;48,45;-8,67%;;
05.02.2015;50,48;4,19%;;
06.02.2015;51,69;2,40%;;
09.02.2015;52,86;2,26%;;
10.02.2015;50,02;-5,37%;;
11.02.2015;48,84;-2,36%;;
12.02.2015;51,21;4,85%;;
13.02.2015;52,78;3,07%;;
15.02.2015;54,06;2,42%;;
16.02.2015;53,61;-0,82%;;
17.02.2015;53,53;-0,15%;;
18.02.2015;52,14;-2,60%;;
19.02.2015;51,16;-1,88%;;
20.02.2015;50,34;-1,60%;;
23.02.2015;49,45;-1,77%;;
24.02.2015;49,28;-0,34%;;
25.02.2015;50,99;3,47%;;
26.02.2015;48,17;-5,53%;;
27.02.2015;49,76;3,30%;;
02.03.2015;49,59;-0,34%;;
03.03.2015;50,52;1,88%;;
04.03.2015;51,53;2,00%;;
05.03.2015;50,76;-1,49%;;
06.03.2015;49,61;-2,27%;;
09.03.2015;50;0,79%;;
10.03.2015;48,29;-3,42%;;
11.03.2015;48,17;-0,25%;;
12.03.2015;47,05;-2,33%;;
13.03.2015;44,84;-4,70%;;
16.03.2015;43,88;-2,14%;;
17.03.2015;43,46;-0,96%;;
18.03.2015;44,66;2,76%;;
19.03.2015;43,96;-1,57%;;
20.03.2015;45,72;4,00%;;
23.03.2015;47,45;3,78%;;
24.03.2015;47,51;0,13%;;
25.03.2015;49,21;3,58%;;
26.03.2015;51,43;4,51%;;
27.03.2015;48,87;-4,98%;;
30.03.2015;48,68;-0,39%;;
31.03.2015;47,6;-2,22%;;
01.04.2015;50,09;5,23%;;
02.04.2015;49,14;-1,90%;;
03.04.2015;49,14;0,00%;;
06.04.2015;52,14;6,11%;;
07.04.2015;53,98;3,53%;;
08.04.2015;50,42;-6,60%;;
09.04.2015;50,79;0,73%;;
10.04.2015;51,64;1,67%;;
13.04.2015;51,91;0,52%;;
14.04.2015;53,29;2,66%;;
15.04.2015;56,39;5,82%;;
16.04.2015;56,71;0,57%;;
17.04.2015;55,74;-1,71%;;
20.04.2015;56,38;1,15%;;
21.04.2015;55,26;-1,99%;;
22.04.2015;56,16;1,63%;;
23.04.2015;57,74;2,81%;;
24.04.2015;57,15;-1,02%;;
27.04.2015;56,99;-0,28%;;
28.04.2015;57,06;0,12%;;
29.04.2015;58,58;2,66%;;
30.04.2015;59,63;1,79%;;
01.05.2015;59,15;-0,80%;;
04.05.2015;58,93;-0,37%;;
05.05.2015;60,4;2,49%;;
06.05.2015;60,93;0,88%;;
07.05.2015;58,94;-3,27%;;
08.05.2015;59,39;0,76%;;
11.05.2015;59,25;-0,24%;;
12.05.2015;60,75;2,53%;;
13.05.2015;60,5;-0,41%;;
14.05.2015;59,88;-1,02%;;
15.05.2015;59,69;-0,32%;;
18.05.2015;59,43;-0,44%;;
19.05.2015;57,26;-3,65%;;
20.05.2015;58,98;3,00%;;
21.05.2015;60,72;2,95%;;
22.05.2015;59,72;-1,65%;;
24.05.2015;59,92;0,33%;;
25.05.2015;59,85;-0,12%;;
26.05.2015;58,03;-3,03%;;
27.05.2015;57,51;-0,90%;;
28.05.2015;57,68;0,30%;;
29.05.2015;60,3;4,54%;;
01.06.2015;60,2;-0,17%;;
02.06.2015;61,26;1,76%;;
03.06.2015;59,64;-2,64%;;
04.06.2015;58;-2,75%;;
05.06.2015;59,13;1,95%;;
08.06.2015;58,14;-1,67%;;
09.06.2015;60,14;3,44%;;
10.06.2015;61,43;2,14%;;
11.06.2015;60,77;-1,07%;;
12.06.2015;59,96;-1,33%;;
15.06.2015;59,52;-0,73%;;
16.06.2015;59,97;0,76%;;
17.06.2015;59,92;-0,08%;;
18.06.2015;60,45;0,88%;;
19.06.2015;59,61;-1,39%;;
22.06.2015;59,68;0,12%;;
23.06.2015;61,01;2,23%;;
24.06.2015;60,27;-1,21%;;
25.06.2015;59,7;-0,95%;;
26.06.2015;59,63;-0,12%;;
29.06.2015;58,33;-2,18%;;
30.06.2015;59,47;1,95%;;
01.07.2015;56,96;-4,22%;;
02.07.2015;56,93;-0,05%;;
03.07.2015;55,52;-2,48%;;
06.07.2015;52,53;-5,39%;;
07.07.2015;52,33;-0,38%;;
08.07.2015;51,65;-1,30%;;
09.07.2015;52,78;2,19%;;
10.07.2015;52,74;-0,08%;;
13.07.2015;52,2;-1,02%;;
14.07.2015;53,04;1,61%;;
15.07.2015;51,41;-3,07%;;
16.07.2015;50,91;-0,97%;;
17.07.2015;50,89;-0,04%;;
20.07.2015;50,15;-1,45%;;
21.07.2015;50,36;0,42%;;
22.07.2015;49,19;-2,32%;;
23.07.2015;48,45;-1,50%;;
24.07.2015;48,14;-0,64%;;
27.07.2015;47,39;-1,56%;;
28.07.2015;47,98;1,24%;;
29.07.2015;48,79;1,69%;;
30.07.2015;48,52;-0,55%;;
31.07.2015;47,12;-2,89%;;
03.08.2015;45,17;-4,14%;;
04.08.2015;45,74;1,26%;;
05.08.2015;45,15;-1,29%;;
06.08.2015;44,66;-1,09%;;
07.08.2015;43,87;-1,77%;;
10.08.2015;44,96;2,48%;;
11.08.2015;43,08;-4,18%;;
12.08.2015;43,3;0,51%;;
13.08.2015;42,23;-2,47%;;
14.08.2015;42,5;0,64%;;
17.08.2015;41,87;-1,48%;;
18.08.2015;42,62;1,79%;;
19.08.2015;40,8;-4,27%;;
20.08.2015;41,14;0,83%;;
21.08.2015;40,45;-1,68%;;
24.08.2015;38,24;-5,46%;;
25.08.2015;39,31;2,80%;;
26.08.2015;38,6;-1,81%;;
27.08.2015;42,56;10,26%;;
28.08.2015;45,22;6,25%;;
31.08.2015;49,2;8,80%;;
01.09.2015;45,41;-7,70%;;
02.09.2015;46,25;1,85%;;
03.09.2015;46,75;1,08%;;
04.09.2015;46,05;-1,50%;;
06.09.2015;45,72;-0,72%;;
07.09.2015;44,7;-2,23%;;
08.09.2015;45,94;2,77%;;
09.09.2015;44,15;-3,90%;;
10.09.2015;45,92;4,01%;;
11.09.2015;44,63;-2,81%;;
14.09.2015;44;-1,41%;;
15.09.2015;44,59;1,34%;;
16.09.2015;47,15;5,74%;;
17.09.2015;46,9;-0,53%;;
18.09.2015;44,68;-4,73%;;
21.09.2015;46,68;4,48%;;
22.09.2015;45,83;-1,82%;;
23.09.2015;44,48;-2,95%;;
24.09.2015;44,91;0,97%;;
25.09.2015;45,7;1,76%;;
28.09.2015;44,43;-2,78%;;
29.09.2015;45,23;1,80%;;
30.09.2015;45,09;-0,31%;;
01.10.2015;44,74;-0,78%;;
02.10.2015;45,54;1,79%;;
05.10.2015;46,26;1,58%;;
06.10.2015;48,53;4,91%;;
07.10.2015;47,81;-1,48%;;
08.10.2015;49,43;3,39%;;
09.10.2015;49,63;0,40%;;
12.10.2015;47,1;-5,10%;;
13.10.2015;46,66;-0,93%;;
14.10.2015;46,64;-0,04%;;
15.10.2015;46,38;-0,56%;;
16.10.2015;47,26;1,90%;;
19.10.2015;45,89;-2,90%;;
20.10.2015;45,55;-0,74%;;
21.10.2015;45,2;-0,77%;;
22.10.2015;45,38;0,40%;;
23.10.2015;44,6;-1,72%;;
26.10.2015;43,98;-1,39%;;
27.10.2015;43,2;-1,77%;;
28.10.2015;45,94;6,34%;;
29.10.2015;46,06;0,26%;;
30.10.2015;46,59;1,15%;;
02.11.2015;46,14;-0,97%;;
03.11.2015;47,9;3,81%;;
04.11.2015;46,32;-3,30%;;
05.11.2015;45,2;-2,42%;;
06.11.2015;44,29;-2,01%;;
09.11.2015;43,87;-0,95%;;
10.11.2015;44,21;0,78%;;
11.11.2015;42,93;-2,90%;;
12.11.2015;41,75;-2,75%;;
13.11.2015;40,74;-2,42%;;
16.11.2015;41,74;2,45%;;
17.11.2015;40,67;-2,56%;;
18.11.2015;40,75;0,20%;;
19.11.2015;40,54;-0,52%;;
20.11.2015;40,39;-0,37%;;
23.11.2015;41,75;3,37%;;
24.11.2015;42,87;2,68%;;
25.11.2015;43,04;0,40%;;
26.11.2015;42,59;-1,05%;;
27.11.2015;41,71;-2,07%;;
30.11.2015;41,65;-0,14%;;
01.12.2015;41,85;0,48%;;
02.12.2015;39,94;-4,56%;;
03.12.2015;41,08;2,85%;;
04.12.2015;39,97;-2,70%;;
07.12.2015;37,65;-5,80%;;
08.12.2015;37,51;-0,37%;;
09.12.2015;37,16;-0,93%;;
10.12.2015;36,76;-1,08%;;
11.12.2015;35,62;-3,10%;;
14.12.2015;36,31;1,94%;;
15.12.2015;37,35;2,86%;;
16.12.2015;35,52;-4,90%;;
17.12.2015;34,95;-1,60%;;
18.12.2015;34,73;-0,63%;;
21.12.2015;34,74;0,03%;;
22.12.2015;36,14;4,03%;;
23.12.2015;37,5;3,76%;;
24.12.2015;38,1;1,60%;;
28.12.2015;36,81;-3,39%;;
29.12.2015;37,87;2,88%;;
30.12.2015;36,6;-3,35%;;
31.12.2015;37,04;1,20%;;
04.01.2016;36,76;-0,76%;;
05.01.2016;35,97;-2,15%;;
06.01.2016;33,97;-5,56%;;
07.01.2016;33,27;-2,06%;;
08.01.2016;33,16;-0,33%;;
11.01.2016;31,41;-5,28%;;
12.01.2016;30,44;-3,09%;;
13.01.2016;30,48;0,13%;;
14.01.2016;31,2;2,36%;;
15.01.2016;29,42;-5,71%;;
17.01.2016;29,75;1,10%;;
18.01.2016;30,02;0,94%;;
19.01.2016;28,46;-5,21%;;
20.01.2016;26,55;-6,71%;;
21.01.2016;29,53;11,22%;;
22.01.2016;32,19;9,01%;;
25.01.2016;30,34;-5,75%;;
26.01.2016;31,45;3,66%;;
27.01.2016;32,3;2,70%;;
28.01.2016;33,22;2,85%;;
29.01.2016;33,62;1,20%;;
01.02.2016;31,62;-5,95%;;
02.02.2016;29,88;-5,50%;;
03.02.2016;32,28;8,03%;;
04.02.2016;31,72;-1,73%;;
05.02.2016;30,89;-2,62%;;
08.02.2016;29,69;-3,88%;;
09.02.2016;27,94;-5,89%;;
10.02.2016;27,45;-1,75%;;
11.02.2016;26,21;-4,52%;;
12.02.2016;29,44;12,32%;;
14.02.2016;29,08;-1,24%;;
15.02.2016;30,6;5,26%;;
16.02.2016;29,04;-5,11%;;
17.02.2016;30,66;5,58%;;
18.02.2016;30,77;0,36%;;
19.02.2016;29,64;-3,67%;;
22.02.2016;31,48;6,21%;;
23.02.2016;31,87;1,24%;;
24.02.2016;32,15;0,88%;;
25.02.2016;33,07;2,86%;;
26.02.2016;32,78;-0,88%;;
29.02.2016;33,75;2,96%;;
01.03.2016;34,4;1,93%;;
02.03.2016;34,66;0,76%;;
03.03.2016;34,57;-0,26%;;
04.03.2016;35,92;3,91%;;
07.03.2016;37,9;5,51%;;
08.03.2016;36,5;-3,69%;;
09.03.2016;38,29;4,90%;;
10.03.2016;37,84;-1,18%;;
11.03.2016;38,5;1,74%;;
14.03.2016;37,18;-3,43%;;
15.03.2016;36,34;-2,26%;;
16.03.2016;38,46;5,83%;;
17.03.2016;40,2;4,52%;;
18.03.2016;39,44;-1,89%;;
21.03.2016;39,91;1,19%;;
22.03.2016;41,45;3,86%;;
23.03.2016;39,79;-4,00%;;
24.03.2016;39,46;-0,83%;;
28.03.2016;39,39;-0,18%;;
29.03.2016;38,28;-2,82%;;
30.03.2016;38,32;0,10%;;
31.03.2016;38,34;0,05%;;
01.04.2016;36,79;-4,04%;;
04.04.2016;35,7;-2,96%;;
05.04.2016;35,89;0,53%;;
06.04.2016;37,75;5,18%;;
07.04.2016;37,26;-1,30%;;
08.04.2016;39,72;6,60%;;
11.04.2016;40,36;1,61%;;
12.04.2016;42,17;4,48%;;
13.04.2016;41,76;-0,97%;;
14.04.2016;41,5;-0,62%;;
15.04.2016;40,36;-2,75%;;
18.04.2016;39,78;-1,44%;;
19.04.2016;41,08;3,27%;;
20.04.2016;42,63;3,77%;;
21.04.2016;43,18;1,29%;;
22.04.2016;43,73;1,27%;;
25.04.2016;42,64;-2,49%;;
26.04.2016;44,04;3,28%;;
27.04.2016;45,33;2,93%;;
28.04.2016;46,03;1,54%;;
29.04.2016;45,92;-0,24%;;
02.05.2016;44,78;-2,48%;;
03.05.2016;43,65;-2,52%;;
04.05.2016;43,78;0,30%;;
05.05.2016;44,32;1,23%;;
06.05.2016;44,66;0,77%;;
09.05.2016;43,44;-2,73%;;
10.05.2016;44,66;2,81%;;
11.05.2016;46,23;3,52%;;
12.05.2016;46,7;1,02%;;
13.05.2016;46,21;-1,05%;;
16.05.2016;47,72;3,27%;;
17.05.2016;48,31;1,24%;;
18.05.2016;48,19;-0,25%;;
19.05.2016;48,16;-0,06%;;
20.05.2016;47,75;-0,85%;;
23.05.2016;48,08;0,69%;;
24.05.2016;48,62;1,12%;;
25.05.2016;49,56;1,93%;;
26.05.2016;49,48;-0,16%;;
27.05.2016;49,33;-0,30%;;
29.05.2016;49,58;0,51%;;
30.05.2016;49,51;-0,14%;;
31.05.2016;49,1;-0,83%;;
01.06.2016;49,01;-0,18%;;
02.06.2016;49,17;0,33%;;
03.06.2016;48,62;-1,12%;;
06.06.2016;49,69;2,20%;;
07.06.2016;50,36;1,35%;;
08.06.2016;51,23;1,73%;;
09.06.2016;50,56;-1,31%;;
10.06.2016;49,07;-2,95%;;
13.06.2016;48,88;-0,39%;;
14.06.2016;48,49;-0,80%;;
15.06.2016;48,01;-0,99%;;
16.06.2016;46,21;-3,75%;;
17.06.2016;47,98;3,83%;;
20.06.2016;49,37;2,90%;;
21.06.2016;48,85;-1,05%;;
22.06.2016;49,13;0,57%;;
23.06.2016;50,11;1,99%;;
24.06.2016;47,64;-4,93%;;
27.06.2016;46,33;-2,75%;;
28.06.2016;47,85;3,28%;;
29.06.2016;49,88;4,24%;;
30.06.2016;48,33;-3,11%;;
01.07.2016;48,99;1,37%;;
03.07.2016;49,01;0,04%;;
04.07.2016;48,65;-0,73%;;
05.07.2016;46,6;-4,21%;;
06.07.2016;47,43;1,78%;;
07.07.2016;45,14;-4,83%;;
08.07.2016;45,41;0,60%;;
11.07.2016;44,76;-1,43%;;
12.07.2016;46,8;4,56%;;
13.07.2016;44,75;-4,38%;;
14.07.2016;45,68;2,08%;;
15.07.2016;45,95;0,59%;;
18.07.2016;45,24;-1,55%;;
19.07.2016;44,65;-1,30%;;
20.07.2016;44,94;0,65%;;
21.07.2016;44,75;-0,42%;;
22.07.2016;44,19;-1,25%;;
25.07.2016;43,13;-2,40%;;
26.07.2016;42,92;-0,49%;;
27.07.2016;41,92;-2,33%;;
28.07.2016;41,14;-1,86%;;
29.07.2016;41,6;1,12%;;
01.08.2016;40,06;-3,70%;;
02.08.2016;39,51;-1,37%;;
03.08.2016;40,83;3,34%;;
04.08.2016;41,93;2,69%;;
05.08.2016;41,8;-0,31%;;
08.08.2016;43,02;2,92%;;
09.08.2016;42,77;-0,58%;;
10.08.2016;41,71;-2,48%;;
11.08.2016;43,49;4,27%;;
12.08.2016;44,49;2,30%;;
15.08.2016;45,74;2,81%;;
16.08.2016;46,58;1,84%;;
17.08.2016;46,79;0,45%;;
18.08.2016;48,22;3,06%;;
19.08.2016;48,52;0,62%;;
22.08.2016;47,05;-3,03%;;
23.08.2016;48,1;2,23%;;
24.08.2016;46,77;-2,77%;;
25.08.2016;47,33;1,20%;;
26.08.2016;47,64;0,65%;;
29.08.2016;46,98;-1,39%;;
30.08.2016;46,35;-1,34%;;
31.08.2016;44,7;-3,56%;;
01.09.2016;43,16;-3,45%;;
02.09.2016;44,44;2,97%;;
04.09.2016;44,11;-0,74%;;
05.09.2016;45,07;2,18%;;
06.09.2016;44,83;-0,53%;;
07.09.2016;45,5;1,49%;;
08.09.2016;47,62;4,66%;;
09.09.2016;45,88;-3,65%;;
12.09.2016;46,29;0,89%;;
13.09.2016;44,9;-3,00%;;
14.09.2016;43,58;-2,94%;;
15.09.2016;43,91;0,76%;;
16.09.2016;43,03;-2,00%;;
19.09.2016;43,3;0,63%;;
20.09.2016;43,44;0,32%;;
21.09.2016;45,34;4,37%;;
22.09.2016;46,32;2,16%;;
23.09.2016;44,48;-3,97%;;
26.09.2016;45,93;3,26%;;
27.09.2016;44,67;-2,74%;;
28.09.2016;47,05;5,33%;;
29.09.2016;47,83;1,66%;;
30.09.2016;48,24;0,86%;;
03.10.2016;48,81;1,18%;;
04.10.2016;48,69;-0,25%;;
05.10.2016;49,83;2,34%;;
06.10.2016;50,44;1,22%;;
07.10.2016;49,81;-1,25%;;
10.10.2016;51,35;3,09%;;
11.10.2016;50,79;-1,09%;;
12.10.2016;50,18;-1,20%;;
13.10.2016;50,44;0,52%;;
14.10.2016;50,35;-0,18%;;
17.10.2016;49,94;-0,81%;;
18.10.2016;50,29;0,70%;;
19.10.2016;51,6;2,60%;;
20.10.2016;50,43;-2,27%;;
21.10.2016;50,85;0,83%;;
24.10.2016;50,52;-0,65%;;
25.10.2016;49,96;-1,11%;;
26.10.2016;49,18;-1,56%;;
27.10.2016;49,72;1,10%;;
28.10.2016;48,7;-2,05%;;
31.10.2016;46,86;-3,78%;;
01.11.2016;46,67;-0,41%;;
02.11.2016;45,34;-2,85%;;
03.11.2016;44,66;-1,50%;;
04.11.2016;44,07;-1,32%;;
07.11.2016;44,89;1,86%;;
08.11.2016;44,98;0,20%;;
09.11.2016;45,27;0,64%;;
10.11.2016;44,66;-1,35%;;
11.11.2016;43,41;-2,80%;;
14.11.2016;43,32;-0,21%;;
15.11.2016;45,81;5,75%;;
16.11.2016;45,57;-0,52%;;
17.11.2016;45,42;-0,33%;;
18.11.2016;45,69;0,59%;;
21.11.2016;47,49;3,94%;;
22.11.2016;48,03;1,14%;;
23.11.2016;47,96;-0,15%;;
24.11.2016;47,98;0,04%;;
25.11.2016;46,06;-4,00%;;
28.11.2016;47,08;2,21%;;
29.11.2016;45,23;-3,93%;;
30.11.2016;49,44;9,31%;;
01.12.2016;51,06;3,28%;;
02.12.2016;51,68;1,21%;;
05.12.2016;51,79;0,21%;;
06.12.2016;50,93;-1,66%;;
07.12.2016;49,77;-2,28%;;
08.12.2016;50,84;2,15%;;
09.12.2016;51,5;1,30%;;
12.12.2016;52,83;2,58%;;
13.12.2016;52,98;0,28%;;
14.12.2016;51,04;-3,66%;;
15.12.2016;50,9;-0,27%;;
16.12.2016;51,9;1,96%;;
19.12.2016;52,12;0,42%;;
20.12.2016;52,23;0,21%;;
21.12.2016;52,49;0,50%;;
22.12.2016;52,95;0,88%;;
23.12.2016;53,02;0,13%;;
26.12.2016;53,19;0,32%;;
27.12.2016;53,9;1,33%;;
28.12.2016;54,06;0,30%;;
29.12.2016;53,77;-0,54%;;
30.12.2016;53,72;-0,09%;;
02.01.2017;54,03;0,58%;;
03.01.2017;52,33;-3,15%;;
04.01.2017;53,26;1,78%;;
05.01.2017;53,76;0,94%;;
06.01.2017;53,99;0,43%;;
09.01.2017;51,96;-3,76%;;
10.01.2017;50,82;-2,19%;;
11.01.2017;52,25;2,81%;;
12.01.2017;53,01;1,45%;;
13.01.2017;52,37;-1,21%;;
15.01.2017;52,45;0,15%;;
16.01.2017;52,52;0,13%;;
17.01.2017;52,48;-0,08%;;
18.01.2017;51,08;-2,67%;;
19.01.2017;51,37;0,57%;;
20.01.2017;52,42;2,04%;;
23.01.2017;52,75;0,63%;;
24.01.2017;53,18;0,82%;;
25.01.2017;52,75;-0,81%;;
26.01.2017;53,78;1,95%;;
27.01.2017;53,17;-1,13%;;
30.01.2017;52,63;-1,02%;;
31.01.2017;52,81;0,34%;;
01.02.2017;53,88;2,03%;;
02.02.2017;53,54;-0,63%;;
03.02.2017;53,83;0,54%;;
06.02.2017;53,01;-1,52%;;
07.02.2017;52,17;-1,58%;;
08.02.2017;52,34;0,33%;;
09.02.2017;53;1,26%;;
10.02.2017;53,86;1,62%;;
13.02.2017;52,93;-1,73%;;
14.02.2017;53,2;0,51%;;
15.02.2017;53,11;-0,17%;;
16.02.2017;53,36;0,47%;;
17.02.2017;53,4;0,07%;;
19.02.2017;53,79;0,73%;;
20.02.2017;53,97;0,33%;;
21.02.2017;54,06;0,17%;;
22.02.2017;53,59;-0,87%;;
23.02.2017;54,45;1,60%;;
24.02.2017;53,99;-0,84%;;
27.02.2017;54,05;0,11%;;
28.02.2017;54,01;-0,07%;;
01.03.2017;53,83;-0,33%;;
02.03.2017;52,61;-2,27%;;
03.03.2017;53,33;1,37%;;
06.03.2017;53,2;-0,24%;;
07.03.2017;53,14;-0,11%;;
08.03.2017;50,28;-5,38%;;
09.03.2017;49,28;-1,99%;;
10.03.2017;48,49;-1,60%;;
13.03.2017;48,4;-0,19%;;
14.03.2017;47,72;-1,40%;;
15.03.2017;48,86;2,39%;;
16.03.2017;48,75;-0,23%;;
17.03.2017;48,78;0,06%;;
20.03.2017;48,22;-1,15%;;
21.03.2017;47,34;-1,82%;;
22.03.2017;48,04;1,48%;;
23.03.2017;47,7;-0,71%;;
24.03.2017;47,97;0,57%;;
27.03.2017;47,73;-0,50%;;
28.03.2017;48,37;1,34%;;
29.03.2017;49,51;2,36%;;
30.03.2017;50,35;1,70%;;
31.03.2017;50,6;0,50%;;
03.04.2017;50,24;-0,71%;;
04.04.2017;51,03;1,57%;;
05.04.2017;51,15;0,24%;;
06.04.2017;51,7;1,08%;;
07.04.2017;52,24;1,04%;;
10.04.2017;53,08;1,61%;;
11.04.2017;53,4;0,60%;;
12.04.2017;53,11;-0,54%;;
13.04.2017;53,18;0,13%;;
17.04.2017;52,65;-1,00%;;
18.04.2017;52,41;-0,46%;;
19.04.2017;50,44;-3,76%;;
20.04.2017;50,27;-0,34%;;
21.04.2017;49,62;-1,29%;;
24.04.2017;49,23;-0,79%;;
25.04.2017;49,56;0,67%;;
26.04.2017;49,62;0,12%;;
27.04.2017;48,97;-1,31%;;
28.04.2017;49,33;0,74%;;
01.05.2017;48,84;-0,99%;;
02.05.2017;47,66;-2,42%;;
03.05.2017;47,82;0,34%;;
04.05.2017;45,52;-4,81%;;
05.05.2017;46,22;1,54%;;
08.05.2017;46,43;0,45%;;
09.05.2017;45,88;-1,18%;;
10.05.2017;47,33;3,16%;;
11.05.2017;47,83;1,06%;;
12.05.2017;47,84;0,02%;;
15.05.2017;48,85;2,11%;;
16.05.2017;48,66;-0,39%;;
17.05.2017;49,07;0,84%;;
18.05.2017;49,35;0,57%;;
19.05.2017;50,33;1,99%;;
22.05.2017;50,73;0,79%;;
23.05.2017;51,47;1,46%;;
24.05.2017;51,36;-0,21%;;
25.05.2017;48,9;-4,79%;;
26.05.2017;49,8;1,84%;;
28.05.2017;49,94;0,28%;;
29.05.2017;49,97;0,06%;;
30.05.2017;49,66;-0,62%;;
31.05.2017;48,32;-2,70%;;
01.06.2017;48,36;0,08%;;
02.06.2017;47,66;-1,45%;;
05.06.2017;47,4;-0,55%;;
06.06.2017;48,19;1,67%;;
07.06.2017;45,72;-5,13%;;
08.06.2017;45,64;-0,17%;;
09.06.2017;45,83;0,42%;;
12.06.2017;46,08;0,55%;;
13.06.2017;46,46;0,82%;;
14.06.2017;44,73;-3,72%;;
15.06.2017;44,46;-0,60%;;
16.06.2017;44,74;0,63%;;
19.06.2017;44,2;-1,21%;;
20.06.2017;43,23;-2,19%;;
21.06.2017;42,53;-1,62%;;
22.06.2017;42,74;0,49%;;
23.06.2017;43,01;0,63%;;
26.06.2017;43,38;0,86%;;
27.06.2017;44,24;1,98%;;
28.06.2017;44,74;1,13%;;
29.06.2017;44,93;0,42%;;
30.06.2017;46,04;2,47%;;
03.07.2017;47,07;2,24%;;
04.07.2017;47,13;0,13%;;
05.07.2017;45,13;-4,24%;;
06.07.2017;45,52;0,86%;;
07.07.2017;44,23;-2,83%;;
10.07.2017;44,4;0,38%;;
11.07.2017;45,04;1,44%;;
12.07.2017;45,49;1,00%;;
13.07.2017;46,08;1,30%;;
14.07.2017;46,54;1,00%;;
17.07.2017;46,02;-1,12%;;
18.07.2017;46,4;0,83%;;
19.07.2017;47,12;1,55%;;
20.07.2017;46,79;-0,70%;;
21.07.2017;45,77;-2,18%;;
24.07.2017;46,34;1,25%;;
25.07.2017;47,89;3,34%;;
26.07.2017;48,75;1,80%;;
27.07.2017;49,04;0,59%;;
28.07.2017;49,71;1,37%;;
31.07.2017;50,17;0,93%;;
01.08.2017;49,16;-2,01%;;
02.08.2017;49,59;0,87%;;
03.08.2017;49,03;-1,13%;;
04.08.2017;49,58;1,12%;;
07.08.2017;49,39;-0,38%;;
08.08.2017;49,17;-0,45%;;
09.08.2017;49,56;0,79%;;
10.08.2017;48,59;-1,96%;;
11.08.2017;48,82;0,47%;;
14.08.2017;47,59;-2,52%;;
15.08.2017;47,55;-0,08%;;
16.08.2017;46,78;-1,62%;;
17.08.2017;47,09;0,66%;;
18.08.2017;48,51;3,02%;;
21.08.2017;47,37;-2,35%;;
22.08.2017;47,64;0,57%;;
23.08.2017;48,41;1,62%;;
24.08.2017;47,43;-2,02%;;
25.08.2017;47,87;0,93%;;
28.08.2017;46,57;-2,72%;;
29.08.2017;46,44;-0,28%;;
30.08.2017;45,96;-1,03%;;
31.08.2017;47,23;2,76%;;
01.09.2017;47,29;0,13%;;
03.09.2017;47,32;0,06%;;
04.09.2017;47,41;0,19%;;
05.09.2017;48,66;2,64%;;
06.09.2017;49,16;1,03%;;
07.09.2017;49,09;-0,14%;;
08.09.2017;47,48;-3,28%;;
11.09.2017;48,07;1,24%;;
12.09.2017;48,23;0,33%;;
13.09.2017;49,3;2,22%;;
14.09.2017;49,89;1,20%;;
15.09.2017;49,89;0,00%;;
18.09.2017;49,91;0,04%;;
19.09.2017;49,48;-0,86%;;
20.09.2017;50,41;1,88%;;
21.09.2017;50,55;0,28%;;
22.09.2017;50,66;0,22%;;
25.09.2017;52,22;3,08%;;
26.09.2017;51,88;-0,65%;;
27.09.2017;52,14;0,50%;;
28.09.2017;51,56;-1,11%;;
29.09.2017;51,67;0,21%;;
02.10.2017;50,58;-2,11%;;
03.10.2017;50,42;-0,32%;;
04.10.2017;49,98;-0,87%;;
05.10.2017;50,79;1,62%;;
06.10.2017;49,29;-2,95%;;
09.10.2017;49,58;0,59%;;
10.10.2017;50,92;2,70%;;
11.10.2017;51,3;0,75%;;
12.10.2017;50,6;-1,36%;;
13.10.2017;51,45;1,68%;;
16.10.2017;51,87;0,82%;;
17.10.2017;51,88;0,02%;;
18.10.2017;52,04;0,31%;;
19.10.2017;51,29;-1,44%;;
20.10.2017;51,47;0,35%;;
23.10.2017;51,9;0,84%;;
24.10.2017;52,47;1,10%;;
25.10.2017;52,18;-0,55%;;
26.10.2017;52,64;0,88%;;
27.10.2017;53,9;2,39%;;
30.10.2017;54,15;0,46%;;
31.10.2017;54,38;0,42%;;
01.11.2017;54,3;-0,15%;;
02.11.2017;54,54;0,44%;;
03.11.2017;55,64;2,02%;;
06.11.2017;57,35;3,07%;;
07.11.2017;57,2;-0,26%;;
08.11.2017;56,81;-0,68%;;
09.11.2017;57,17;0,63%;;
10.11.2017;56,74;-0,75%;;
13.11.2017;56,76;0,04%;;
14.11.2017;55,7;-1,87%;;
15.11.2017;55,33;-0,66%;;
16.11.2017;55,14;-0,34%;;
17.11.2017;56,55;2,56%;;
20.11.2017;56,09;-0,81%;;
21.11.2017;56,83;1,32%;;
22.11.2017;58,02;2,09%;;
23.11.2017;58,38;0,62%;;
24.11.2017;58,95;0,98%;;
27.11.2017;58,11;-1,42%;;
28.11.2017;57,99;-0,21%;;
29.11.2017;57,3;-1,19%;;
30.11.2017;57,4;0,17%;;
01.12.2017;58,36;1,67%;;
04.12.2017;57,47;-1,53%;;
05.12.2017;57,62;0,26%;;
06.12.2017;55,96;-2,88%;;
07.12.2017;56,69;1,30%;;
08.12.2017;57,36;1,18%;;
11.12.2017;57,99;1,10%;;
12.12.2017;57,14;-1,47%;;
13.12.2017;56,6;-0,95%;;
14.12.2017;57,04;0,78%;;
15.12.2017;57,3;0,46%;;
18.12.2017;57,16;-0,24%;;
19.12.2017;57,46;0,52%;;
20.12.2017;58,09;1,10%;;
21.12.2017;58,36;0,46%;;
22.12.2017;58,47;0,19%;;
25.12.2017;58,59;0,21%;;
26.12.2017;59,97;2,36%;;
27.12.2017;59,64;-0,55%;;
28.12.2017;59,84;0,34%;;
29.12.2017;60,42;0,97%;;
01.01.2018;60,24;-0,30%;;
02.01.2018;60,37;0,22%;;
03.01.2018;61,63;2,09%;;
04.01.2018;62,01;0,62%;;
05.01.2018;61,44;-0,92%;;
08.01.2018;61,73;0,47%;;
09.01.2018;62,96;1,99%;;
10.01.2018;63,57;0,97%;;
11.01.2018;63,8;0,36%;;
12.01.2018;64,3;0,78%;;
14.01.2018;64,28;-0,03%;;
15.01.2018;64,73;0,70%;;
16.01.2018;63,73;-1,54%;;
17.01.2018;63,97;0,38%;;
18.01.2018;63,95;-0,03%;;
19.01.2018;63,37;-0,91%;;
22.01.2018;63,49;0,19%;;
23.01.2018;64,47;1,54%;;
24.01.2018;65,61;1,77%;;
25.01.2018;65,51;-0,15%;;
26.01.2018;66,14;0,96%;;
29.01.2018;65,56;-0,88%;;
30.01.2018;64,5;-1,62%;;
31.01.2018;64,73;0,36%;;
01.02.2018;65,8;1,65%;;
02.02.2018;65,45;-0,53%;;
05.02.2018;64,15;-1,99%;;
06.02.2018;63,39;-1,18%;;
07.02.2018;61,79;-2,52%;;
08.02.2018;61,15;-1,04%;;
09.02.2018;59,2;-3,19%;;
12.02.2018;59,29;0,15%;;
13.02.2018;59,19;-0,17%;;
14.02.2018;60,6;2,38%;;
15.02.2018;61,34;1,22%;;
16.02.2018;61,68;0,55%;;
18.02.2018;61,72;0,06%;;
19.02.2018;62,38;1,07%;;
20.02.2018;61,9;-0,77%;;
21.02.2018;61,68;-0,36%;;
22.02.2018;62,77;1,77%;;
23.02.2018;63,55;1,24%;;
26.02.2018;63,91;0,57%;;
27.02.2018;63,01;-1,41%;;
28.02.2018;61,64;-2,17%;;
01.03.2018;60,99;-1,05%;;
02.03.2018;61,25;0,43%;;
05.03.2018;62,57;2,16%;;
06.03.2018;62,6;0,05%;;
07.03.2018;61,15;-2,32%;;
08.03.2018;60,12;-1,68%;;
09.03.2018;62,04;3,19%;;
12.03.2018;61,36;-1,10%;;
13.03.2018;60,71;-1,06%;;
14.03.2018;60,96;0,41%;;
15.03.2018;61,19;0,38%;;
16.03.2018;62,34;1,88%;;
19.03.2018;62,06;-0,45%;;
20.03.2018;63,4;2,16%;;
21.03.2018;65,17;2,79%;;
22.03.2018;64,3;-1,33%;;
23.03.2018;65,88;2,46%;;
26.03.2018;65,55;-0,50%;;
27.03.2018;65,25;-0,46%;;
28.03.2018;64,38;-1,33%;;
29.03.2018;64,94;0,87%;;
02.04.2018;63,01;-2,97%;;
03.04.2018;63,51;0,79%;;
04.04.2018;63,37;-0,22%;;
05.04.2018;63,54;0,27%;;
06.04.2018;62,06;-2,33%;;
09.04.2018;63,42;2,19%;;
10.04.2018;65,51;3,30%;;
11.04.2018;66,82;2,00%;;
12.04.2018;67,07;0,37%;;
13.04.2018;67,39;0,48%;;
16.04.2018;66,22;-1,74%;;
17.04.2018;66,52;0,45%;;
18.04.2018;68,47;2,93%;;
19.04.2018;68,29;-0,26%;;
20.04.2018;68,38;0,13%;;
23.04.2018;68,64;0,38%;;
24.04.2018;67,7;-1,37%;;
25.04.2018;68,05;0,52%;;
26.04.2018;68,19;0,21%;;
27.04.2018;68,1;-0,13%;;
30.04.2018;68,57;0,69%;;
01.05.2018;67,25;-1,93%;;
02.05.2018;67,93;1,01%;;
03.05.2018;68,43;0,74%;;
04.05.2018;69,72;1,89%;;
07.05.2018;70,73;1,45%;;
08.05.2018;69,06;-2,36%;;
09.05.2018;71,14;3,01%;;
10.05.2018;71,36;0,31%;;
11.05.2018;70,7;-0,92%;;
14.05.2018;70,96;0,37%;;
15.05.2018;71,31;0,49%;;
16.05.2018;71,49;0,25%;;
17.05.2018;71,49;0,00%;;
18.05.2018;71,28;-0,29%;;
21.05.2018;72,24;1,35%;;
22.05.2018;72,13;-0,15%;;
23.05.2018;71,84;-0,40%;;
24.05.2018;70,71;-1,57%;;
25.05.2018;67,88;-4,00%;;
27.05.2018;67,36;-0,77%;;
28.05.2018;67,05;-0,46%;;
29.05.2018;66,73;-0,48%;;
30.05.2018;68,21;2,22%;;
31.05.2018;67,04;-1,72%;;
01.06.2018;65,81;-1,83%;;
04.06.2018;64,75;-1,61%;;
05.06.2018;65,52;1,19%;;
06.06.2018;64,73;-1,21%;;
07.06.2018;65,95;1,88%;;
08.06.2018;65,74;-0,32%;;
11.06.2018;66,1;0,55%;;
12.06.2018;66,36;0,39%;;
13.06.2018;66,64;0,42%;;
14.06.2018;66,89;0,38%;;
15.06.2018;65,06;-2,74%;;
18.06.2018;65,85;1,21%;;
19.06.2018;65,07;-1,18%;;
20.06.2018;66,22;1,77%;;
21.06.2018;65,54;-1,03%;;
22.06.2018;68,58;4,64%;;
25.06.2018;68,08;-0,73%;;
26.06.2018;70,53;3,60%;;
27.06.2018;72,76;3,16%;;
28.06.2018;73,45;0,95%;;
29.06.2018;74,15;0,95%;;
02.07.2018;73,94;-0,28%;;
03.07.2018;74,14;0,27%;;
04.07.2018;74,13;-0,01%;;
05.07.2018;72,94;-1,61%;;
06.07.2018;73,8;1,18%;;
09.07.2018;73,85;0,07%;;
10.07.2018;74,11;0,35%;;
11.07.2018;70,38;-5,03%;;
12.07.2018;70,33;-0,07%;;
13.07.2018;71,01;0,97%;;
16.07.2018;68,06;-4,15%;;
17.07.2018;68,08;0,03%;;
18.07.2018;68,76;1,00%;;
19.07.2018;69,46;1,02%;;
20.07.2018;70,46;1,44%;;
23.07.2018;67,89;-3,65%;;
24.07.2018;68,52;0,93%;;
25.07.2018;69,3;1,14%;;
26.07.2018;69,61;0,45%;;
27.07.2018;68,69;-1,32%;;
30.07.2018;70,13;2,10%;;
31.07.2018;68,76;-1,95%;;
01.08.2018;67,66;-1,60%;;
02.08.2018;68,96;1,92%;;
03.08.2018;68,49;-0,68%;;
06.08.2018;69,01;0,76%;;
07.08.2018;69,17;0,23%;;
08.08.2018;66,94;-3,22%;;
09.08.2018;66,81;-0,19%;;
10.08.2018;67,63;1,23%;;
13.08.2018;67,2;-0,64%;;
14.08.2018;67,04;-0,24%;;
15.08.2018;65,01;-3,03%;;
16.08.2018;65,46;0,69%;;
17.08.2018;65,91;0,69%;;
20.08.2018;66,43;0,79%;;
21.08.2018;67,35;1,38%;;
22.08.2018;67,86;0,76%;;
23.08.2018;67,83;-0,04%;;
24.08.2018;68,72;1,31%;;
27.08.2018;68,87;0,22%;;
28.08.2018;68,53;-0,49%;;
29.08.2018;69,51;1,43%;;
30.08.2018;70,25;1,06%;;
31.08.2018;69,8;-0,64%;;
02.09.2018;69,92;0,17%;;
03.09.2018;70,12;0,29%;;
04.09.2018;69,87;-0,36%;;
05.09.2018;68,72;-1,65%;;
06.09.2018;67,77;-1,38%;;
07.09.2018;67,75;-0,03%;;
10.09.2018;67,54;-0,31%;;
11.09.2018;69,25;2,53%;;
12.09.2018;70,37;1,62%;;
13.09.2018;68,59;-2,53%;;
14.09.2018;68,99;0,58%;;
17.09.2018;68,91;-0,12%;;
18.09.2018;69,85;1,36%;;
19.09.2018;71,12;1,82%;;
20.09.2018;70,8;-0,45%;;
21.09.2018;70,78;-0,03%;;
24.09.2018;72,08;1,84%;;
25.09.2018;72,28;0,28%;;
26.09.2018;71,57;-0,98%;;
27.09.2018;72,12;0,77%;;
28.09.2018;73,25;1,57%;;
01.10.2018;75,3;2,80%;;
02.10.2018;75,23;-0,09%;;
03.10.2018;76,41;1,57%;;
04.10.2018;74,33;-2,72%;;
05.10.2018;74,34;0,01%;;
08.10.2018;74,29;-0,07%;;
09.10.2018;74,96;0,90%;;
10.10.2018;73,17;-2,39%;;
11.10.2018;70,97;-3,01%;;
12.10.2018;71,34;0,52%;;
15.10.2018;71,78;0,62%;;
16.10.2018;71,92;0,20%;;
17.10.2018;69,75;-3,02%;;
18.10.2018;68,65;-1,58%;;
19.10.2018;69,12;0,68%;;
22.10.2018;69,17;0,07%;;
23.10.2018;66,43;-3,96%;;
24.10.2018;66,82;0,59%;;
25.10.2018;67,33;0,76%;;
26.10.2018;67,59;0,39%;;
29.10.2018;67,04;-0,81%;;
30.10.2018;66,18;-1,28%;;
31.10.2018;65,31;-1,31%;;
01.11.2018;63,69;-2,48%;;
02.11.2018;63,14;-0,86%;;
05.11.2018;63,1;-0,06%;;
06.11.2018;62,21;-1,41%;;
07.11.2018;61,67;-0,87%;;
08.11.2018;60,67;-1,62%;;
09.11.2018;60,19;-0,79%;;
12.11.2018;59,93;-0,43%;;
13.11.2018;55,69;-7,07%;;
14.11.2018;56,25;1,01%;;
15.11.2018;56,46;0,37%;;
16.11.2018;56,46;0,00%;;
19.11.2018;56,76;0,53%;;
20.11.2018;53,43;-5,87%;;
21.11.2018;54,63;2,25%;;
22.11.2018;54,02;-1,12%;;
23.11.2018;50,42;-6,66%;;
26.11.2018;51,63;2,40%;;
27.11.2018;51,56;-0,14%;;
28.11.2018;50,29;-2,46%;;
29.11.2018;51,45;2,31%;;
30.11.2018;50,93;-1,01%;;
03.12.2018;52,95;3,97%;;
04.12.2018;53,25;0,57%;;
05.12.2018;52,89;-0,68%;;
06.12.2018;51,49;-2,65%;;
07.12.2018;52,61;2,18%;;
10.12.2018;51;-3,06%;;
11.12.2018;51,65;1,27%;;
12.12.2018;51,15;-0,97%;;
13.12.2018;52,58;2,80%;;
14.12.2018;51,2;-2,62%;;
17.12.2018;49,88;-2,58%;;
18.12.2018;46,24;-7,30%;;
19.12.2018;47,2;2,08%;;
20.12.2018;45,88;-2,80%;;
21.12.2018;45,59;-0,63%;;
24.12.2018;42,53;-6,71%;;
25.12.2018;43,16;1,48%;;
26.12.2018;46,22;7,09%;;
27.12.2018;44,61;-3,48%;;
28.12.2018;45,33;1,61%;;
31.12.2018;45,41;0,18%;;
01.01.2019;45,89;1,06%;;
02.01.2019;46,54;1,42%;;
03.01.2019;47,09;1,18%;;
04.01.2019;47,96;1,85%;;
07.01.2019;48,52;1,17%;;
08.01.2019;49,78;2,60%;;
09.01.2019;52,36;5,18%;;
10.01.2019;52,59;0,44%;;
11.01.2019;51,59;-1,90%;;
14.01.2019;50,51;-2,09%;;
15.01.2019;52,11;3,17%;;
16.01.2019;52,31;0,38%;;
17.01.2019;52,07;-0,46%;;
18.01.2019;53,8;3,32%;;
20.01.2019;53,65;-0,28%;;
21.01.2019;54,24;1,10%;;
22.01.2019;52,57;-3,08%;;
23.01.2019;52,62;0,10%;;
24.01.2019;53,13;0,97%;;
25.01.2019;53,69;1,05%;;
28.01.2019;51,99;-3,17%;;
29.01.2019;53,31;2,54%;;
30.01.2019;54,23;1,73%;;
31.01.2019;53,79;-0,81%;;
01.02.2019;55,26;2,73%;;
04.02.2019;54,56;-1,27%;;
05.02.2019;53,66;-1,65%;;
06.02.2019;54,01;0,65%;;
07.02.2019;52,64;-2,54%;;
08.02.2019;52,72;0,15%;;
11.02.2019;52,41;-0,59%;;
12.02.2019;53,1;1,32%;;
13.02.2019;53,9;1,51%;;
14.02.2019;54,41;0,95%;;
15.02.2019;55,59;2,17%;;
17.02.2019;56,33;1,33%;;
18.02.2019;56,27;-0,11%;;
19.02.2019;56,09;-0,32%;;
20.02.2019;56,92;1,48%;;
21.02.2019;56,96;0,07%;;
22.02.2019;57,26;0,53%;;
25.02.2019;55,48;-3,11%;;
26.02.2019;55,5;0,04%;;
27.02.2019;56,94;2,59%;;
28.02.2019;57,22;0,49%;;
01.03.2019;55,8;-2,48%;;
04.03.2019;56,59;1,42%;;
05.03.2019;56,56;-0,05%;;
06.03.2019;56,22;-0,60%;;
07.03.2019;56,66;0,78%;;
08.03.2019;56,07;-1,04%;;
11.03.2019;56,79;1,28%;;
12.03.2019;56,87;0,14%;;
13.03.2019;58,26;2,44%;;
14.03.2019;58,61;0,60%;;
15.03.2019;58,52;-0,15%;;
18.03.2019;59,09;0,97%;;
19.03.2019;59,03;-0,10%;;
20.03.2019;59,83;1,36%;;
21.03.2019;59,98;0,25%;;
22.03.2019;59,04;-1,57%;;
25.03.2019;58,82;-0,37%;;
26.03.2019;59,94;1,90%;;
27.03.2019;59,41;-0,88%;;
28.03.2019;59,3;-0,19%;;
29.03.2019;60,14;1,42%;;
01.04.2019;61,59;2,41%;;
02.04.2019;62,58;1,61%;;
03.04.2019;62,46;-0,19%;;
04.04.2019;62,1;-0,58%;;
05.04.2019;63,08;1,58%;;
08.04.2019;64,4;2,09%;;
09.04.2019;63,98;-0,65%;;
10.04.2019;64,61;0,98%;;
11.04.2019;63,58;-1,59%;;
12.04.2019;63,89;0,49%;;
15.04.2019;63,4;-0,77%;;
16.04.2019;64,05;1,03%;;
17.04.2019;63,76;-0,45%;;
18.04.2019;64;0,38%;;
22.04.2019;65,7;2,66%;;
23.04.2019;66,3;0,91%;;
24.04.2019;65,89;-0,62%;;
25.04.2019;65,21;-1,03%;;
26.04.2019;63,3;-2,93%;;
29.04.2019;63,5;0,32%;;
30.04.2019;63,91;0,65%;;
01.05.2019;63,6;-0,49%;;
02.05.2019;61,81;-2,81%;;
03.05.2019;61,94;0,21%;;
06.05.2019;62,25;0,50%;;
07.05.2019;61,4;-1,37%;;
08.05.2019;62,12;1,17%;;
09.05.2019;61,7;-0,68%;;
10.05.2019;61,66;-0,06%;;
13.05.2019;61,04;-1,01%;;
14.05.2019;61,78;1,21%;;
15.05.2019;62,02;0,39%;;
16.05.2019;62,87;1,37%;;
17.05.2019;62,76;-0,17%;;
20.05.2019;63,1;0,54%;;
21.05.2019;62,99;-0,17%;;
22.05.2019;61,42;-2,49%;;
23.05.2019;57,91;-5,71%;;
24.05.2019;58,63;1,24%;;
26.05.2019;58,77;0,24%;;
27.05.2019;59,16;0,66%;;
28.05.2019;59,14;-0,03%;;
29.05.2019;58,81;-0,56%;;
30.05.2019;56,59;-3,77%;;
31.05.2019;53,5;-5,46%;;
03.06.2019;53,25;-0,47%;;
04.06.2019;53,48;0,43%;;
05.06.2019;51,68;-3,37%;;
06.06.2019;52,59;1,76%;;
07.06.2019;53,99;2,66%;;
10.06.2019;53,26;-1,35%;;
11.06.2019;53,27;0,02%;;
12.06.2019;51,14;-4,00%;;
13.06.2019;52,28;2,23%;;
14.06.2019;52,51;0,44%;;
17.06.2019;51,93;-1,10%;;
18.06.2019;53,9;3,79%;;
19.06.2019;53,76;-0,26%;;
20.06.2019;56,65;5,38%;;
21.06.2019;57,43;1,38%;;
24.06.2019;57,9;0,82%;;
25.06.2019;57,83;-0,12%;;
26.06.2019;59,38;2,68%;;
27.06.2019;59,43;0,08%;;
28.06.2019;58,47;-1,62%;;
01.07.2019;59,09;1,06%;;
02.07.2019;56,25;-4,81%;;
03.07.2019;57,34;1,94%;;
04.07.2019;56,8;-0,94%;;
05.07.2019;57,51;1,25%;;
08.07.2019;57,66;0,26%;;
09.07.2019;57,83;0,29%;;
10.07.2019;60,43;4,50%;;
11.07.2019;60,2;-0,38%;;
12.07.2019;60,21;0,02%;;
15.07.2019;59,58;-1,05%;;
16.07.2019;57,62;-3,29%;;
17.07.2019;56,78;-1,46%;;
18.07.2019;55,3;-2,61%;;
19.07.2019;55,63;0,60%;;
22.07.2019;56,22;1,06%;;
23.07.2019;56,77;0,98%;;
24.07.2019;55,88;-1,57%;;
25.07.2019;56,02;0,25%;;
26.07.2019;56,2;0,32%;;
29.07.2019;56,87;1,19%;;
30.07.2019;58,05;2,07%;;
31.07.2019;58,58;0,91%;;
01.08.2019;53,95;-7,90%;;
02.08.2019;55,66;3,17%;;
05.08.2019;54,69;-1,74%;;
06.08.2019;53,63;-1,94%;;
07.08.2019;51,09;-4,74%;;
08.08.2019;52,54;2,84%;;
09.08.2019;54,5;3,73%;;
12.08.2019;54,93;0,79%;;
13.08.2019;57,1;3,95%;;
14.08.2019;55,23;-3,27%;;
15.08.2019;54,47;-1,38%;;
16.08.2019;54,87;0,73%;;
19.08.2019;56,21;2,44%;;
20.08.2019;56,34;0,23%;;
21.08.2019;55,68;-1,17%;;
22.08.2019;55,35;-0,59%;;
23.08.2019;54,17;-2,13%;;
26.08.2019;53,64;-0,98%;;
27.08.2019;54,93;2,40%;;
28.08.2019;55,78;1,55%;;
29.08.2019;56,71;1,67%;;
30.08.2019;55,1;-2,84%;;
01.09.2019;54,8;-0,54%;;
02.09.2019;54,66;-0,26%;;
03.09.2019;53,94;-1,32%;;
04.09.2019;56,26;4,30%;;
05.09.2019;56,3;0,07%;;
06.09.2019;56,52;0,39%;;
09.09.2019;57,85;2,35%;;
10.09.2019;57,4;-0,78%;;
11.09.2019;55,75;-2,87%;;
12.09.2019;55,09;-1,18%;;
13.09.2019;54,85;-0,44%;;
16.09.2019;62,9;14,68%;;
17.09.2019;59,34;-5,66%;;
18.09.2019;58,11;-2,07%;;
19.09.2019;58,13;0,03%;;
20.09.2019;58,09;-0,07%;;
23.09.2019;58,64;0,95%;;
24.09.2019;57,29;-2,30%;;
25.09.2019;56,49;-1,40%;;
26.09.2019;56,41;-0,14%;;
27.09.2019;55,91;-0,89%;;
30.09.2019;54,07;-3,29%;;
01.10.2019;53,62;-0,83%;;
02.10.2019;52,64;-1,83%;;
03.10.2019;52,45;-0,36%;;
04.10.2019;52,81;0,69%;;
07.10.2019;52,75;-0,11%;;
08.10.2019;52,63;-0,23%;;
09.10.2019;52,59;-0,08%;;
10.10.2019;53,55;1,83%;;
11.10.2019;54,7;2,15%;;
14.10.2019;53,59;-2,03%;;
15.10.2019;52,81;-1,46%;;
16.10.2019;53,36;1,04%;;
17.10.2019;53,93;1,07%;;
18.10.2019;53,78;-0,28%;;
21.10.2019;53,31;-0,87%;;
22.10.2019;54,16;1,59%;;
23.10.2019;55,97;3,34%;;
24.10.2019;56,23;0,46%;;
25.10.2019;56,66;0,76%;;
28.10.2019;55,81;-1,50%;;
29.10.2019;55,54;-0,48%;;
30.10.2019;55,06;-0,86%;;
31.10.2019;54,18;-1,60%;;
01.11.2019;56,2;3,73%;;
04.11.2019;56,54;0,60%;;
05.11.2019;57,23;1,22%;;
06.11.2019;56,35;-1,54%;;
07.11.2019;57,15;1,42%;;
08.11.2019;57,24;0,16%;;
11.11.2019;56,86;-0,66%;;
12.11.2019;56,8;-0,11%;;
13.11.2019;57,12;0,56%;;
14.11.2019;56,77;-0,61%;;
15.11.2019;57,72;1,67%;;
18.11.2019;57,05;-1,16%;;
19.11.2019;55,21;-3,23%;;
20.11.2019;57,11;3,44%;;
21.11.2019;58,58;2,57%;;
22.11.2019;57,77;-1,38%;;
25.11.2019;58,01;0,42%;;
26.11.2019;58,41;0,69%;;
27.11.2019;58,11;-0,51%;;
28.11.2019;58,08;-0,05%;;
29.11.2019;55,17;-5,01%;;
02.12.2019;55,96;1,43%;;
03.12.2019;56,1;0,25%;;
04.12.2019;58,43;4,15%;;
05.12.2019;58,43;0,00%;;
06.12.2019;59,2;1,32%;;
09.12.2019;59,02;-0,30%;;
10.12.2019;59,24;0,37%;;
11.12.2019;58,76;-0,81%;;
12.12.2019;59,18;0,71%;;
13.12.2019;60,07;1,50%;;
16.12.2019;60,21;0,23%;;
17.12.2019;60,94;1,21%;;
18.12.2019;60,93;-0,02%;;
19.12.2019;61,22;0,48%;;
20.12.2019;60,44;-1,27%;;
23.12.2019;60,52;0,13%;;
24.12.2019;61,11;0,97%;;
25.12.2019;61,19;0,13%;;
26.12.2019;61,68;0,80%;;
27.12.2019;61,72;0,06%;;
30.12.2019;61,68;-0,06%;;
31.12.2019;61,06;-1,01%;;
01.01.2020;61,33;0,44%;;
02.01.2020;61,18;-0,24%;;
03.01.2020;63,05;3,06%;;
06.01.2020;63,27;0,35%;;
07.01.2020;62,7;-0,90%;;
08.01.2020;59,61;-4,93%;;
09.01.2020;59,56;-0,08%;;
10.01.2020;59,04;-0,87%;;
13.01.2020;58,08;-1,63%;;
14.01.2020;58,23;0,26%;;
15.01.2020;57,81;-0,72%;;
16.01.2020;58,52;1,23%;;
17.01.2020;58,54;0,03%;;
19.01.2020;59,27;1,25%;;
20.01.2020;58,73;-0,91%;;
21.01.2020;58,34;-0,66%;;
22.01.2020;56,74;-2,74%;;
23.01.2020;55,59;-2,03%;;
24.01.2020;54,19;-2,52%;;
27.01.2020;53,14;-1,94%;;
28.01.2020;53,48;0,64%;;
29.01.2020;53,33;-0,28%;;
30.01.2020;52,14;-2,23%;;
31.01.2020;51,56;-1,11%;;
03.02.2020;50,11;-2,81%;;
04.02.2020;49,61;-1,00%;;
05.02.2020;50,75;2,30%;;
06.02.2020;50,95;0,39%;;
07.02.2020;50,32;-1,24%;;
10.02.2020;49,57;-1,49%;;
11.02.2020;49,94;0,75%;;
12.02.2020;51,17;2,46%;;
13.02.2020;51,42;0,49%;;
14.02.2020;52,05;1,23%;;
16.02.2020;52,36;0,60%;;
17.02.2020;52,2;-0,31%;;
18.02.2020;52,05;-0,29%;;
19.02.2020;53,29;2,38%;;
20.02.2020;53,78;0,92%;;
21.02.2020;53,38;-0,74%;;
24.02.2020;51,43;-3,65%;;
25.02.2020;49,9;-2,97%;;
26.02.2020;48,73;-2,34%;;
27.02.2020;47,09;-3,37%;;
28.02.2020;44,76;-4,95%;;
02.03.2020;46,75;4,45%;;
03.03.2020;47,18;0,92%;;
04.03.2020;46,78;-0,85%;;
05.03.2020;45,9;-1,88%;;
06.03.2020;41,28;-10,07%;;
09.03.2020;31,13;-24,59%;;
10.03.2020;34,36;10,38%;;
11.03.2020;32,98;-4,02%;;
12.03.2020;31,5;-4,49%;;
13.03.2020;31,73;0,73%;;
16.03.2020;28,7;-9,55%;;
17.03.2020;26,95;-6,10%;;
18.03.2020;20,37;-24,42%;;
19.03.2020;25,22;23,81%;;
20.03.2020;22,43;-11,06%;;
23.03.2020;23,36;4,15%;;
24.03.2020;24,01;2,78%;;
25.03.2020;24,49;2,00%;;
26.03.2020;22,6;-7,72%;;
27.03.2020;21,51;-4,82%;;
30.03.2020;20,09;-6,60%;;
31.03.2020;20,48;1,94%;;
01.04.2020;20,31;-0,83%;;
02.04.2020;25,32;24,67%;;
03.04.2020;28,34;11,93%;;
06.04.2020;26,08;-7,97%;;
07.04.2020;23,63;-9,39%;;
08.04.2020;25,09;6,18%;;
09.04.2020;22,76;-9,29%;;
13.04.2020;22,41;-1,54%;;
14.04.2020;20,11;-10,26%;;
15.04.2020;19,87;-1,19%;;
16.04.2020;19,87;0,00%;;
17.04.2020;18,27;-8,05%;;
20.04.2020;-37,63;-305,97%;;
21.04.2020;10,01;-126,60%;;
22.04.2020;13,78;37,66%;;
23.04.2020;16,5;19,74%;;
24.04.2020;16,94;2,67%;;
27.04.2020;12,78;-24,56%;;
28.04.2020;12,34;-3,44%;;
29.04.2020;15,06;22,04%;;
30.04.2020;18,84;25,10%;;
01.05.2020;19,78;4,99%;;
04.05.2020;20,39;3,08%;;
05.05.2020;24,56;20,45%;;
06.05.2020;23,99;-2,32%;;
07.05.2020;23,55;-1,83%;;
08.05.2020;24,74;5,05%;;
11.05.2020;24,14;-2,43%;;
12.05.2020;25,78;6,79%;;
13.05.2020;25,29;-1,90%;;
14.05.2020;27,56;8,98%;;
15.05.2020;29,43;6,79%;;
18.05.2020;31,82;8,12%;;
19.05.2020;32,5;2,14%;;
20.05.2020;33,49;3,05%;;
21.05.2020;33,92;1,28%;;
22.05.2020;33,25;-1,98%;;
24.05.2020;32,9;-1,05%;;
25.05.2020;33,92;3,10%;;
26.05.2020;34,35;1,27%;;
27.05.2020;32,81;-4,48%;;
28.05.2020;33,71;2,74%;;
29.05.2020;35,49;5,28%;;
01.06.2020;35,44;-0,14%;;
02.06.2020;36,81;3,87%;;
03.06.2020;37,29;1,30%;;
04.06.2020;37,41;0,32%;;
05.06.2020;39,55;5,72%;;
08.06.2020;38,19;-3,44%;;
09.06.2020;38,94;1,96%;;
10.06.2020;39,6;1,69%;;
11.06.2020;36,34;-8,23%;;
12.06.2020;36,26;-0,22%;;
15.06.2020;37,12;2,37%;;
16.06.2020;38,38;3,39%;;
17.06.2020;37,96;-1,09%;;
18.06.2020;38,84;2,32%;;
19.06.2020;39,75;2,34%;;
22.06.2020;40,46;1,79%;;
23.06.2020;40,37;-0,22%;;
24.06.2020;38,01;-5,85%;;
25.06.2020;38,72;1,87%;;
26.06.2020;38,49;-0,59%;;
29.06.2020;39,7;3,14%;;
30.06.2020;39,27;-1,08%;;
01.07.2020;39,82;1,40%;;
02.07.2020;40,65;2,08%;;
03.07.2020;40,28;-0,91%;;
06.07.2020;40,63;0,87%;;
07.07.2020;40,62;-0,02%;;
08.07.2020;40,9;0,69%;;
09.07.2020;39,62;-3,13%;;
10.07.2020;40,55;2,35%;;
13.07.2020;40,1;-1,11%;;
14.07.2020;40,29;0,47%;;
15.07.2020;41,2;2,26%;;
16.07.2020;40,75;-1,09%;;
17.07.2020;40,59;-0,39%;;
Alta: 76,90;Baixa: -40,32;;;
